,Age,Height,Weight,Vegetables,Meals,Water,Activity,Devices
mean,24.312599908574136,1.7016773533870204,86.58605812648035,2.4190430615821885,2.6856280497394596,2.0080114040738986,1.0102976958787304,0.657865923732828
std,6.345968273732234,0.09330481986792007,26.1911717452047,0.5339265785033002,0.7780386488418612,0.6129534517968722,0.850592430836698,0.6089272596763782
min,14.0,1.45,39.0,1.0,1.0,1.0,0.0,0.0
5%,17.8914285,1.5482905,48.5,1.5232145,1.0,1.0,0.0,0.0
95%,38.09807,1.85,131.9161515,3.0,3.7508809999999997,3.0,2.677133,2.0
max,61.0,1.98,173.0,3.0,4.0,3.0,3.0,2.0
nulls,0.0,0.0,0.0,0.0,0.0,0.0,0.0,0.0
